Species,F1,F10,F11,F12,F13,F14,F15,F16,F17,F18,F19,F2,F3,F4,F5,F6,F7,F8,F9
d__Bacteria;p__Bacillota_A_368345;c__Clostridia_258483;o__Peptostreptococcales;f__Filifactoraceae;g__;s__Peptococcus simiae,0,0,0,0,0,0,0,0,0,0,4,0,0,0,26,0,0,0,0
d__Bacteria;__;__;__;__;__;__,13,64,7,2,34,110,12,135,29,37,206,0,24,2,10,0,2,321,272
d__Bacteria;p__Pseudomonadota;c__Alphaproteobacteria;o__Rickettsiales;f__Mitochondria;g__;s__,0,5,0,0,0,0,0,14,0,0,0,0,0,0,0,0,0,0,0
d__Bacteria;p__Bacillota_A_368345;c__Clostridia_258483;o__Oscillospirales;f__Ruminococcaceae;g__Gemmiger_A_73129;s__Gemmiger_A_73129 qucibialis,230,1622,1371,16,118,965,2201,138,403,1242,1151,923,245,824,485,35,0,0,853
d__Bacteria;p__Bacillota_A_368345;c__Clostridia_258483;o__Oscillospirales;f__Ruminococcaceae;g__Gemmiger_A_73129;__,155,2917,1480,2318,698,1078,823,237,847,498,1061,198,246,253,172,436,0,331,411
d__Bacteria;p__Bacillota_A_368345;c__Clostridia_258483;o__Oscillospirales;f__Ruminococcaceae;g__Gemmiger_A_73129;s__Subdoligranulum variabile,0,0,0,13,0,0,0,0,0,0,0,0,0,0,0,0,0,0,4
d__Bacteria;p__Bacillota_A_368345;c__Clostridia_258483;o__Oscillospirales;f__Ruminococcaceae;g__Ruthenibacterium;s__Ruthenibacterium lactatiformans,0,118,156,17,0,0,0,0,32,19,0,0,0,30,46,0,3,0,47
d__Bacteria;p__Bacillota_A_368345;c__Clostridia_258483;o__Lachnospirales;f__Lachnospiraceae;__;__,677,213,2449,271,947,1185,1661,837,1112,936,486,488,247,506,871,852,1520,165,890
d__Bacteria;p__Bacillota_A_368345;c__Clostridia_258483;o__Lachnospirales;f__Lachnospiraceae;g__;s__,175,0,0,0,740,943,1101,597,532,575,0,177,160,255,31,452,0,0,463
d__Bacteria;p__Bacillota_A_368345;c__Clostridia_258483;o__Oscillospirales;f__Ruminococcaceae;g__Faecalibacterium;__,1533,1177,516,759,4111,2196,2676,2601,4266,4726,1602,1397,1116,2603,1287,3873,3877,0,1294
d__Bacteria;p__Bacillota_A_368345;c__Clostridia_258483;o__Oscillospirales;f__Ruminococcaceae;g__Faecalibacterium;s__Faecalibacterium prausnitzii,561,343,202,0,2278,2966,595,929,1489,1776,291,327,276,215,243,605,4127,661,4124
d__Bacteria;p__Bacillota_A_368345;c__Clostridia_258483;o__Oscillospirales;f__Ruminococcaceae;__;__,0,0,0,3,0,217,0,12,644,0,10,0,0,0,0,0,0,0,0
d__Bacteria;p__Bacillota_A_368345;c__Clostridia_258483;o__Oscillospirales;f__Ruminococcaceae;g__Ruthenibacterium;s__,0,36,572,0,0,0,0,4,0,0,0,0,0,0,0,0,10,0,0
d__Bacteria;p__Bacillota_A_368345;c__Clostridia_258483;o__Oscillospirales;f__Oscillospiraceae_88309;g__Vescimonas;s__Vescimonas sp900545585,144,658,871,517,477,550,252,1082,457,455,693,0,0,61,0,45,0,0,0
d__Archaea;p__Methanobacteriota_A_1229;c__Methanobacteria;o__Methanobacteriales;f__Methanobacteriaceae;g__Methanobrevibacter_A;s__Methanobrevibacter_A smithii_A,0,0,0,0,0,0,0,1281,240,0,2096,0,0,0,0,0,0,0,0
d__Bacteria;p__Bacteroidota;c__Bacteroidia;o__Bacteroidales;f__Marinilabiliaceae;g__JC017;s__JC017 sp004296775,0,25,0,0,0,11,0,0,0,0,0,0,0,0,0,0,0,0,0
d__Bacteria;p__Cyanobacteriota;c__Cyanobacteriia;o__Cyanobacteriales;f__Microcoleaceae;g__Microcoleus;__,0,0,0,0,0,0,0,0,0,3,0,0,0,0,0,0,0,0,0
d__Bacteria;p__Bacillota_A_368345;c__Clostridia_258483;o__Oscillospirales;f__Oscillospiraceae_88309;g__Dysosmobacter;s__Dysosmobacter welbionis,17,308,1001,503,38,0,60,118,41,34,3,15,12,4,39,0,39,2,58
d__Bacteria;p__Pseudomonadota;c__Alphaproteobacteria;__;__;__;__,0,0,0,0,2,0,0,3,0,0,0,0,0,0,0,0,0,0,0
d__Bacteria;p__Pseudomonadota;c__Gammaproteobacteria;o__Pseudomonadales_A_650611;f__Pseudomonadaceae;g__Pseudomonas_E_647464;__,0,0,0,0,0,0,6,4,0,0,7,0,0,0,0,0,0,0,0
d__Bacteria;p__Verrucomicrobiota;c__Verrucomicrobiae;o__Verrucomicrobiales;f__Akkermansiaceae;g__Akkermansia;s__Akkermansia muciniphila_D_776786,39,0,0,0,0,0,0,0,0,0,4,0,12,0,0,0,0,0,0
d__Bacteria;p__Bacillota_A_368345;c__Clostridia_258483;o__TANB77;f__CAG-508;__;__,0,0,0,0,0,76,0,189,0,0,945,0,0,0,0,0,0,0,0
d__Bacteria;p__Bacillota_I;c__Bacilli_A;o__ML615J-28;f__CAG-313;g__CAG-313;s__CAG-313 sp000433035,151,0,0,0,0,0,13,0,0,0,11,0,0,0,0,0,0,0,0
d__Bacteria;p__Bacillota_I;c__Bacilli_A;o__ML615J-28;f__CAG-313;g__CAG-313;s__CAG-313 sp003539625,0,0,0,0,0,18,0,0,64,0,0,0,0,0,0,0,0,0,0
d__Bacteria;p__Bacillota_A_368345;c__Clostridia_258483;__;__;__;__,0,33,57,0,2,5,18,39,78,2,37,10,0,0,5,0,0,2,12
d__Archaea;p__Thermoproteota;c__Nitrososphaeria_A;o__Nitrososphaerales;f__Nitrososphaeraceae;g__Nitrososphaera;__,0,0,0,0,0,4,0,0,0,0,0,0,0,0,0,0,0,0,0
d__Archaea;p__Thermoplasmatota;c__Thermoplasmata_1773;o__Methanomassiliicoccales;f__Methanomassiliicoccaceae;g__Methanomassiliicoccus_A_1637;s__Methanomassiliicoccus_A_1637 intestinalis,0,0,0,0,0,0,0,28,0,0,10,0,0,0,0,0,0,0,0
d__Bacteria;p__Pseudomonadota;c__Alphaproteobacteria;o__RF32;f__CAG-239;g__Scatocola;s__Scatocola faecipullorum,0,0,0,0,0,0,0,11,1570,0,29,12,0,12,2561,0,0,0,0
d__Bacteria;p__Pseudomonadota;c__Alphaproteobacteria;o__RF32;f__CAG-239;g__CAG-267;s__,0,0,0,0,37,914,65,14,0,0,0,0,0,0,0,0,0,0,0
d__Bacteria;p__Pseudomonadota;c__Alphaproteobacteria;o__RF32;f__CAG-239;g__;s__,0,0,0,0,0,0,0,25,138,0,0,0,0,0,0,0,0,0,0
d__Bacteria;p__Pseudomonadota;c__Alphaproteobacteria;o__RF32;f__CAG-239;g__51-20;s__51-20 sp001917175,0,0,0,0,42,154,0,0,0,0,0,0,0,0,0,0,0,0,0
d__Bacteria;p__Pseudomonadota;c__Alphaproteobacteria;o__RF32;f__CAG-239;g__CAJLXD01;s__,0,0,0,0,0,511,0,47,0,0,0,0,0,0,0,0,0,0,0
d__Bacteria;p__Pseudomonadota;c__Alphaproteobacteria;o__Rhizobiales_505101;f__Beijerinckiaceae;g__Methylobacterium;__,0,0,0,4,0,0,0,0,0,0,0,0,0,0,0,0,0,0,0
d__Bacteria;p__Pseudomonadota;c__Alphaproteobacteria;o__Rhizobiales_505101;f__Beijerinckiaceae;__;__,0,0,0,0,0,0,0,0,0,3,0,0,0,0,0,0,0,0,0
d__Bacteria;p__Pseudomonadota;c__Alphaproteobacteria;o__Rhizobiales_505101;f__Beijerinckiaceae;g__Microvirga;__,0,3,0,0,12,0,0,0,0,0,5,0,0,0,5,0,0,0,0
d__Bacteria;p__Bacteroidota;c__Bacteroidia;o__Bacteroidales;f__Coprobacteraceae;g__Coprobacter;s__Coprobacter fastidiosus,36,0,0,0,0,27,5,51,0,0,0,0,0,0,0,0,0,0,0
d__Bacteria;p__Bacteroidota;c__Bacteroidia;o__Bacteroidales;f__UBA11471;g__Caccoplasma;s__,0,0,0,0,0,0,39,48,0,0,0,0,0,0,0,0,0,0,0
d__Bacteria;p__Bacillota_I;c__Bacilli_A;o__Lactobacillales;f__Lactobacillaceae;g__Lactobacillus;__,0,0,0,0,0,0,0,0,0,0,196,0,0,0,0,0,0,11,0
d__Bacteria;p__Bacillota_C;c__Negativicutes;o__Veillonellales;f__Veillonellaceae;g__Veillonella_A;__,0,0,0,0,19,48,0,7,0,0,33,0,2,0,22,36,6,16,17
d__Bacteria;p__Bacteroidota;c__Bacteroidia;o__Bacteroidales;f__Bacteroidaceae;g__Prevotella;s__Prevotella melaninogenica,0,0,0,0,0,10,0,0,0,0,0,0,0,0,0,0,0,0,0
d__Bacteria;p__Bacteroidota;c__Bacteroidia;o__Bacteroidales;f__Bacteroidaceae;g__Prevotella;s__Prevotella rara,0,0,0,0,0,5296,1004,0,0,0,0,0,0,0,0,0,0,0,0
d__Bacteria;p__Bacteroidota;c__Bacteroidia;o__Bacteroidales;f__Bacteroidaceae;g__Prevotella;s__Segatella copri,0,0,0,0,0,0,41,1025,0,0,0,0,0,0,0,0,0,0,0
d__Bacteria;p__Bacteroidota;c__Bacteroidia;o__Bacteroidales;f__Bacteroidaceae;g__Prevotella;s__Prevotella histicola,0,0,0,0,0,0,0,0,5,0,0,0,0,0,0,0,0,0,0
d__Bacteria;p__Bacteroidota;c__Bacteroidia;o__Bacteroidales;f__Bacteroidaceae;g__Prevotella;s__Prevotella nigrescens,0,0,0,0,0,0,0,0,0,0,0,0,0,0,3,0,0,0,0
d__Bacteria;p__Bacillota_I;c__Bacilli_A;__;__;__;__,0,0,2,0,0,0,0,0,0,0,0,0,0,0,0,0,0,3,0
d__Bacteria;p__Verrucomicrobiota;c__Verrucomicrobiae;o__Opitutales;f__CAG-312;g__Merdousia;s__Merdousia gallistercoris,0,0,0,0,0,0,0,21,25,0,8,0,0,0,0,0,0,0,0
d__Bacteria;p__Bacteroidota;c__Bacteroidia;o__Bacteroidales;f__Rikenellaceae;g__Alistipes_A_871404;s__Alistipes_A_871404 indistinctus,0,5,0,0,0,10,10,120,41,0,0,0,0,0,0,0,0,0,0
d__Bacteria;p__Bacteroidota;c__Bacteroidia;__;__;__;__,0,0,0,0,0,0,8,12,0,0,6,0,0,0,0,0,0,0,0
d__Bacteria;p__Bacteroidota;c__Bacteroidia;o__Bacteroidales;f__Bacteroidaceae;g__Bacteroides_H_857956;__,570,4982,513,5970,570,590,467,208,1643,522,192,324,69,846,938,2540,1985,474,4225
d__Bacteria;p__Bacteroidota;c__Bacteroidia;o__Bacteroidales;f__Rikenellaceae;g__Tidjanibacter;__,0,0,0,0,0,0,0,32,0,904,0,0,0,24,0,0,0,0,0
d__Bacteria;p__Bacteroidota;c__Bacteroidia;o__Bacteroidales;f__Rikenellaceae;g__Alistipes_A_871400;s__Alistipes_A_871400 communis,0,0,0,0,135,25,30,77,53,65,0,0,0,0,0,0,0,0,0
d__Bacteria;p__Bacteroidota;c__Bacteroidia;o__Bacteroidales;f__Muribaculaceae;g__Paramuribaculum;s__Paramuribaculum sp900551515,264,1005,280,436,783,130,340,162,1231,0,131,251,323,294,2159,413,0,0,996
d__Bacteria;p__Bacteroidota;c__Bacteroidia;o__Bacteroidales;f__Rikenellaceae;g__Alistipes_A_871400;s__Alistipes_A_871400 finegoldii,0,0,0,292,62,21,0,0,596,61,74,22,102,19,1424,72,0,0,20
d__Bacteria;p__Bacteroidota;c__Bacteroidia;o__Bacteroidales;f__Rikenellaceae;g__Alistipes_A_871400;s__Alistipes_A_871400 shahii,66,0,0,0,197,42,84,37,35,207,21,75,77,49,536,66,0,0,54
d__Bacteria;p__Bacillota_A_368345;c__Clostridia_258483;o__Oscillospirales;f__Oscillospiraceae_88309;__;__,27,100,9,154,51,343,538,232,54,14,0,22,0,0,68,6,0,0,0
d__Bacteria;p__Bacteroidota;c__Bacteroidia;o__Bacteroidales;f__Bacteroidaceae;g__Phocaeicola_A;s__Phocaeicola_A vulgatus,1317,2085,926,1783,3323,1367,328,602,4096,2002,0,3131,4370,1534,755,1162,0,823,6412
d__Bacteria;p__Bacteroidota;c__Bacteroidia;o__Bacteroidales;f__Bacteroidaceae;__;__,0,0,0,0,21,0,0,0,0,21,7,0,0,0,0,2,0,0,0
d__Bacteria;p__Bacteroidota;c__Bacteroidia;o__Bacteroidales;f__Bacteroidaceae;g__Phocaeicola_A;s__Phocaeicola_A dorei,0,1113,0,0,0,186,708,0,0,147,404,0,0,0,0,0,3409,0,0
d__Bacteria;p__Bacteroidota;c__Bacteroidia;o__Bacteroidales;f__Bacteroidaceae;g__Phocaeicola_A;s__Phocaeicola_A massiliensis,530,0,0,0,1170,1333,1661,0,0,840,0,729,0,482,509,1292,0,0,0
d__Bacteria;p__Bacteroidota;c__Bacteroidia;o__Bacteroidales;f__Bacteroidaceae;g__Bacteroides_H_857956;s__Bacteroides_H_857956 uniformis,765,3175,942,2600,1195,1213,277,0,102,1125,126,576,534,307,381,475,1537,41,1071
d__Bacteria;p__Bacteroidota;c__Bacteroidia;o__Bacteroidales;f__Bacteroidaceae;g__Bacteroides_H_857956;s__Bacteroides_H_857956 cellulosilyticus,0,0,0,3953,12,88,0,74,521,0,105,0,0,0,0,0,0,0,0
d__Bacteria;p__Bacteroidota;c__Bacteroidia;o__Bacteroidales;f__Bacteroidaceae;g__Bacteroides_H_857956;s__Bacteroides_H_857956 caccae,40,1108,821,0,170,251,0,62,1090,340,0,58,0,58,44,109,0,0,1067
d__Bacteria;p__Bacteroidota;c__Bacteroidia;o__Bacteroidales;f__Bacteroidaceae;g__Bacteroides_H_857956;s__Bacteroides_H_857956 clarus,0,0,0,0,0,0,0,0,0,0,0,12,117,15,0,0,0,0,0
d__Bacteria;p__Bacteroidota;c__Bacteroidia;o__Bacteroidales;f__Bacteroidaceae;g__Bacteroides_H_857956;s__Bacteroides_H_857956 eggerthii,0,0,0,0,17,227,246,22,0,0,0,0,0,0,0,0,0,0,0
d__Bacteria;p__Bacteroidota;c__Bacteroidia;o__Bacteroidales;f__Bacteroidaceae;g__Bacteroides_H_857956;s__Bacteroides_H_857956 stercoris,0,0,0,0,1773,31,43,37,1240,0,0,0,0,0,0,92,0,241,0
d__Bacteria;p__Bacteroidota;c__Bacteroidia;o__Bacteroidales;f__Bacteroidaceae;g__Bacteroides_H_857956;s__Bacteroides_H_857956 salyersiae,0,0,0,397,0,0,0,0,0,0,0,0,0,22,0,0,0,0,0
d__Bacteria;p__Bacteroidota;c__Bacteroidia;o__Bacteroidales;f__Bacteroidaceae;g__Bacteroides_H_857956;s__Bacteroides_H_857956 nordii,0,0,0,0,0,0,0,0,94,0,0,0,0,0,0,0,16,0,0
d__Bacteria;p__Bacteroidota;c__Bacteroidia;o__Bacteroidales;f__Bacteroidaceae;g__Bacteroides_H_857956;s__Bacteroides_H_857956 fragilis,0,88,0,71,0,0,0,0,740,0,49,0,0,0,0,0,357,138,247
d__Bacteria;p__Bacteroidota;c__Bacteroidia;o__Bacteroidales;__;__;__,0,0,0,0,7,15,0,0,70,0,0,0,0,0,0,0,0,0,75
d__Bacteria;p__Bacteroidota;c__Bacteroidia;o__Bacteroidales;f__Rikenellaceae;g__Alistipes_A_871404;s__Alistipes_A_871404 ihumii,40,0,112,0,54,0,19,15,17,0,0,0,0,0,693,0,13,0,31
d__Bacteria;p__Bacteroidota;c__Bacteroidia;o__Bacteroidales;f__Bacteroidaceae;g__Phocaeicola_A;s__Phocaeicola_A plebeius,0,0,50,0,0,3335,0,0,0,0,0,0,0,0,0,0,0,0,0
d__Bacteria;p__Bacteroidota;c__Bacteroidia;o__Bacteroidales;f__Barnesiellaceae;g__Barnesiella_B;s__Barnesiella_B propionica,0,147,125,0,0,0,0,0,0,0,0,15,38,14,2436,0,0,0,0
d__Bacteria;p__Bacteroidota;c__Bacteroidia;o__Bacteroidales;f__Barnesiellaceae;g__Barnesiella_B;s__Barnesiella_B intestinihominis,145,0,0,0,514,68,200,137,38,845,0,0,0,0,0,0,0,4,0
d__Bacteria;p__Bacteroidota;c__Bacteroidia;o__Bacteroidales;f__Porphyromonadaceae;g__Porphyromonas_A;s__Porphyromonas_A uenonis,0,2,0,0,0,0,0,0,0,0,0,0,0,0,0,0,0,0,0
d__Bacteria;p__Bacteroidota;c__Bacteroidia;o__Bacteroidales;f__Bacteroidaceae;g__Phocaeicola_A;s__Phocaeicola_A coprocola,0,0,0,0,0,392,0,0,0,2987,0,0,0,0,0,1770,0,0,0
d__Bacteria;p__Bacteroidota;c__Bacteroidia;o__Bacteroidales;f__Coprobacteraceae;g__Coprobacter;s__Coprobacter secundus,0,0,0,0,0,39,4,134,9,0,0,0,0,0,0,0,0,0,0
d__Bacteria;p__Bacteroidota;c__Bacteroidia;o__Bacteroidales;f__Tannerellaceae;g__Parabacteroides_B_862066;s__Parabacteroides_B_862066 merdae,148,1052,608,1095,535,513,619,71,600,275,0,75,376,185,420,251,0,29,908
d__Bacteria;p__Bacteroidota;c__Bacteroidia;o__Bacteroidales;f__UBA932;g__Coprenecus;s__Coprenecus sp900544175,0,11,0,0,0,0,0,0,0,0,0,0,0,0,0,0,0,0,0
d__Bacteria;p__Bacteroidota;c__Bacteroidia;o__Bacteroidales;f__Tannerellaceae;g__Parabacteroides_B_862066;s__Parabacteroides_B_862066 goldsteinii,0,0,0,0,0,0,0,28,0,0,0,14,0,0,0,0,0,0,0
d__Bacteria;p__Bacteroidota;c__Bacteroidia;o__Bacteroidales;f__Rikenellaceae;g__Alistipes_A_871400;s__Alistipes_A_871400 dispar,0,0,0,0,10,12,0,9,0,0,0,0,0,0,0,0,0,0,0
d__Bacteria;p__Bacteroidota;c__Bacteroidia;o__Bacteroidales;f__Rikenellaceae;g__Alistipes_A_871400;__,0,0,0,75,0,29,0,0,0,0,0,0,0,0,0,0,0,0,0
d__Bacteria;p__Bacteroidota;c__Bacteroidia;o__Bacteroidales;f__Rikenellaceae;g__Alistipes_A_871400;s__Alistipes_A_871400 onderdonkii,68,590,554,1230,0,10,103,15,115,0,0,22,35,32,302,129,856,3,270
d__Bacteria;p__Pseudomonadota;c__Alphaproteobacteria;o__Sphingomonadales;f__Sphingomonadaceae_486827;__;__,0,0,0,4,0,0,0,0,0,0,0,0,0,3,0,0,2,0,0
d__Bacteria;p__Pseudomonadota;c__Alphaproteobacteria;o__Sphingomonadales;f__Sphingomonadaceae_486827;g__Sphingopyxis_485592;__,0,5,12,0,0,0,0,0,0,0,0,0,0,0,0,0,0,0,0
d__Bacteria;p__Pseudomonadota;c__Gammaproteobacteria;o__Enterobacterales_737866;f__Pasteurellaceae;__;__,0,0,2,0,66,16,0,0,15,36,17,4,0,0,95,14,0,0,125
d__Bacteria;p__Desulfobacterota_G_459543;c__Desulfovibrionia;o__Desulfovibrionales;f__Desulfovibrionaceae;g__Bilophila;s__Bilophila wadsworthia,37,71,125,252,72,15,67,12,143,72,0,51,57,31,39,19,0,9,304
d__Bacteria;p__Desulfobacterota_G_459543;c__Desulfovibrionia;o__Desulfovibrionales;f__Desulfovibrionaceae;g__Desulfovibrio_446353;s__Desulfovibrio piger_A,0,0,0,0,185,283,0,100,499,255,0,0,0,0,0,0,0,0,0
d__Bacteria;p__Pseudomonadota;c__Gammaproteobacteria;o__Enterobacterales_737866;__;__;__,0,0,0,0,0,0,0,0,0,0,707,0,0,0,0,0,0,0,0
d__Bacteria;p__Desulfobacterota_G_459543;c__Desulfovibrionia;o__Desulfovibrionales;f__Desulfovibrionaceae;g__Desulfovibrio_446353;s__Desulfovibrio desulfuricans,0,0,0,0,0,0,17,0,0,0,8,0,0,0,0,0,0,0,0
d__Bacteria;p__Pseudomonadota;c__Gammaproteobacteria;o__UBA11654;f__UBA11654;g__DTSX01;s__DTSX01 sp012965065,0,0,0,0,0,0,0,0,0,0,0,0,0,0,5,0,0,0,0
d__Bacteria;p__Campylobacterota_A;c__Campylobacteria;o__Campylobacterales;f__Arcobacteraceae;__;__,0,0,0,0,0,0,0,0,2,0,9,0,0,0,0,0,0,0,0
d__Bacteria;p__Cyanobacteriota;c__Vampirovibrionia;o__Gastranaerophilales;f__Gastranaerophilaceae;g__Zag111;s__Zag111 sp001899395,0,0,0,0,0,0,111,53,0,0,0,0,0,0,0,0,0,0,0
d__Bacteria;p__Cyanobacteriota;c__Vampirovibrionia;o__Gastranaerophilales;f__Gastranaerophilaceae;g__CAG-196;s__CAG-196 sp002102975,0,0,0,0,0,0,41,0,0,0,48,0,0,0,0,0,0,0,0
d__Bacteria;p__Pseudomonadota;c__Gammaproteobacteria;o__Burkholderiales;f__Neisseriaceae;g__Neisseria_563205;__,0,0,0,0,0,0,0,0,0,0,0,0,0,0,0,7,0,0,0
d__Bacteria;p__Desulfobacterota_G_459543;c__Desulfovibrionia;o__Desulfovibrionales;f__Desulfovibrionaceae;g__Mailhella;s__Mailhella massiliensis,3,0,0,0,0,36,8,0,0,0,0,0,0,0,24,0,0,0,0
d__Bacteria;p__Bacillota_A_368345;c__Clostridia_258483;o__Oscillospirales;f__UBA644;g__UBA644;s__UBA644 sp002299265,5,0,0,0,0,4,11,46,10,10,46,0,0,0,55,0,0,0,0
d__Bacteria;p__Cyanobacteriota;c__Cyanobacteriia;o__Cyanobacteriales;f__Microcoleaceae;g__Planktothrix;s__Planktothrix agardhii,0,0,0,0,0,0,0,0,10,0,0,0,0,0,0,0,0,0,0
d__Bacteria;p__Bacteroidota;c__Bacteroidia;o__Bacteroidales;f__UBA932;g__Cryptobacteroides;s__Cryptobacteroides sp900544195,0,0,0,0,0,0,0,0,0,33,44,0,0,0,0,0,0,0,0
d__Bacteria;p__Cyanobacteriota;c__Vampirovibrionia;o__Gastranaerophilales;f__Gastranaerophilaceae;g__Limenecus;s__Limenecus avicola,0,0,0,0,0,0,0,0,306,0,52,0,0,0,0,0,0,0,0
d__Bacteria;p__Bacillota_A_368345;c__Clostridia_258483;o__Lachnospirales;f__Lachnospiraceae;g__Lactonifactor;s__Lactonifactor longoviformis,0,0,14,0,0,0,0,0,0,0,20,0,0,0,0,0,0,25,0
d__Bacteria;p__Bacillota_A_368345;c__Clostridia_258483;o__Lachnospirales;f__Lachnospiraceae;g__Blautia_A_141781;s__Blautia_A_141781 hydrogenotrophica,0,102,702,86,0,0,0,0,0,0,0,0,0,0,0,0,0,0,13
d__Bacteria;p__Bacillota_I;c__Bacilli_A;o__Lactobacillales;f__Streptococcaceae;__;__,0,0,0,0,0,0,0,0,0,0,0,0,0,0,0,0,0,0,2
d__Bacteria;p__Bacillota_A_368345;c__Clostridia_258483;o__Christensenellales;f__Borkfalkiaceae;g__Borkfalkia;s__Borkfalkia ceftriaxoniphila,0,0,0,35,0,0,0,0,0,0,0,0,2,0,39,0,0,0,0
d__Bacteria;p__Bacillota_A_368345;c__Clostridia_258483;o__Christensenellales;f__Borkfalkiaceae;g__Borkfalkia;s__,16,0,27,0,30,31,6,88,0,17,0,0,0,0,206,32,0,0,11
d__Bacteria;p__Bacillota_A_368345;c__Clostridia_258483;o__Oscillospirales;f__Acutalibacteraceae;g__Fimenecus;s__Fimenecus sp000432435,0,0,724,0,0,505,0,0,0,0,0,0,0,0,0,0,0,0,0
d__Bacteria;p__Bacillota_A_368345;c__Clostridia_258483;o__Oscillospirales;f__Acutalibacteraceae;g__Fimenecus;s__Fimenecus sp900315985,0,0,0,0,32,0,0,179,0,0,0,0,0,0,0,0,0,0,0
d__Bacteria;p__Actinomycetota;__;__;__;__;__,0,0,0,0,0,0,0,0,0,2,0,0,0,0,0,0,0,2,0
d__Bacteria;p__Bacillota_A_368345;c__Clostridia_258483;o__Oscillospirales;f__Butyricicoccaceae;g__;s__,0,0,0,0,0,29,0,6,0,0,0,0,0,0,0,0,0,0,0
d__Bacteria;p__Bacillota_A_368345;c__Clostridia_258483;o__Oscillospirales;f__Butyricicoccaceae;g__Agathobaculum;s__Agathobaculum butyriciproducens,53,230,0,229,634,334,60,208,97,128,29,69,40,0,107,32,107,0,104
d__Bacteria;p__Bacillota_A_368345;c__Clostridia_258483;o__Oscillospirales;f__Oscillospiraceae_88309;g__Onthomonas;s__,15,0,0,0,53,105,124,168,133,18,139,0,0,0,0,0,0,0,0
d__Bacteria;p__Bacillota_A_368345;c__Clostridia_258483;o__Oscillospirales;f__Oscillospiraceae_88309;g__Lawsonibacter;s__Lawsonibacter asaccharolyticus,0,20,10,39,10,29,0,34,0,19,0,0,0,0,10,0,18,0,0
d__Bacteria;p__Bacillota_A_368345;c__Clostridia_258483;o__TANB77;f__CAG-508;g__CAG-269;s__CAG-269 sp000431335,246,0,0,0,190,1063,228,79,0,27,1766,74,126,0,143,0,0,0,0
d__Bacteria;p__Bacillota_A_368345;c__Clostridia_258483;o__TANB77;f__CAG-508;g__;s__,0,0,0,0,0,168,335,767,17,0,72,0,0,0,0,0,0,0,0
d__Bacteria;p__Bacillota_A_368345;c__Clostridia_258483;o__TANB77;f__CAG-508;g__Merdicola;s__Merdicola sp900552655,0,0,0,46,0,0,21,0,0,0,226,0,0,0,0,0,0,0,0
d__Bacteria;p__Bacillota_A_368345;c__Clostridia_258483;o__Christensenellales;f__Borkfalkiaceae;g__;s__,0,0,0,0,0,0,0,10,10,0,0,0,0,0,0,0,0,0,0
d__Bacteria;p__Bacillota_B_370539;c__Dehalobacteriia;o__Dehalobacteriales;f__Dehalobacteriaceae;g__;s__,0,0,0,0,0,10,3,0,0,0,0,0,0,0,0,0,0,0,0
d__Bacteria;p__Bacillota_A_368345;c__Clostridia_258483;o__Christensenellales;f__Christensenellaceae;g__Christensenella;s__Christensenella minuta,0,0,0,0,0,0,0,0,0,0,0,0,0,6,8,0,0,0,0
d__Bacteria;p__Bacillota_A_368345;c__Clostridia_258483;o__Christensenellales;f__Christensenellaceae;g__;s__,14,25,10,12,16,24,14,49,0,0,899,0,0,0,22,0,0,0,0
d__Bacteria;p__Bacillota_A_368345;c__Clostridia_258483;o__Christensenellales;f__;g__;s__,38,50,8,12,10,26,9,31,0,20,26,0,0,17,161,0,0,0,11
d__Bacteria;p__Bacillota_A_368345;c__Clostridia_258483;o__Christensenellales;f__Christensenellaceae;g__Christensenella;s__Christensenella hongkongensis,0,0,0,10,0,0,0,0,9,0,0,0,0,0,0,0,0,0,0
d__Bacteria;p__Bacillota_A_368345;c__Clostridia_258483;o__Eubacteriales;f__Anaerofustaceae;g__Anaerofustis;s__Anaerofustis stercorihominis,0,0,0,0,0,0,0,0,0,0,17,0,2,0,0,0,0,0,0
d__Bacteria;p__Bacillota_A_368345;c__Clostridia_258483;o__Oscillospirales;f__Acutalibacteraceae;g__Hydrogeniiclostridium;s__Hydrogeniiclostridium mannosilyticum,0,14,38,0,0,0,0,0,0,0,0,0,0,7,0,0,0,0,0
d__Bacteria;p__Bacillota_A_368345;c__Clostridia_258483;o__Oscillospirales;f__Acutalibacteraceae;g__Hominenteromicrobium;s__Hominenteromicrobium mulieris,34,726,149,95,67,78,29,168,148,129,33,26,36,120,40,280,0,321,161
d__Bacteria;p__Bacillota_A_368345;c__Clostridia_258483;o__Oscillospirales;f__Acutalibacteraceae;g__Caproiciproducens;s__,0,0,0,0,5,15,0,71,0,0,0,0,0,0,0,0,0,0,0
d__Bacteria;p__Bacillota_A_368345;c__Clostridia_258483;o__Oscillospirales;f__Acutalibacteraceae;g__UMGS1071;s__UMGS1071 sp900548305,0,176,46,78,0,0,0,14,0,29,0,12,0,7,19,0,33,6,26
d__Bacteria;p__Bacillota_A_368345;c__Clostridia_258483;o__Oscillospirales;f__Acutalibacteraceae;g__Ruminococcus_E;s__Ruminococcus_E bromii_B,1478,0,1447,0,0,713,2320,28,2806,0,2882,0,1206,1807,262,627,0,0,0
d__Bacteria;p__Bacillota_A_368345;c__Clostridia_258483;o__Oscillospirales;f__Acutalibacteraceae;g__Ruminococcus_E;s__Ruminococcus_E sp003438075,0,0,0,0,163,0,0,0,0,2203,0,1175,0,0,0,0,0,0,0
d__Bacteria;p__Bacillota_A_368345;c__Clostridia_258483;o__Oscillospirales;__;__;__,0,0,4,0,3,0,0,0,0,3,0,0,0,0,0,0,0,0,0
d__Bacteria;p__Bacillota_A_368345;c__Clostridia_258483;o__Oscillospirales;f__Acutalibacteraceae;g__Acutalibacter;s__,0,0,27,0,0,0,0,0,0,0,0,0,0,0,100,0,0,0,0
d__Bacteria;p__Bacillota_A_368345;c__Clostridia_258483;o__Oscillospirales;f__Oscillospiraceae_88309;g__Evtepia;s__Evtepia gabavorous,0,41,61,0,0,0,0,0,0,0,0,26,0,8,0,0,0,0,0
d__Bacteria;p__Bacillota_I;c__Bacilli_A;o__Lactobacillales;f__Streptococcaceae;g__Streptococcus;__,0,0,0,0,0,0,0,0,6,0,0,0,0,0,0,0,0,0,21
d__Bacteria;p__Bacillota_A_368345;c__Clostridia_258483;o__Oscillospirales;f__Ruminococcaceae;g__Ruminococcus_C_58660;s__Ruminococcus_C_58660 sp000433635,0,0,0,0,0,94,0,0,0,108,0,0,0,0,17,286,0,0,0
d__Bacteria;p__Bacillota_A_368345;c__Clostridia_258483;o__Oscillospirales;f__Ruminococcaceae;g__Anaerotruncus;s__,5,0,0,37,13,26,23,14,20,0,0,0,13,0,52,0,0,0,0
d__Bacteria;p__Bacillota_A_368345;c__Clostridia_258483;o__Oscillospirales;f__Ruminococcaceae;g__Hominimerdicola;s__Hominimerdicola aceti,30,0,0,0,538,1662,1055,0,0,1731,49,647,980,0,230,688,0,0,0
d__Bacteria;p__Bacillota_A_368345;c__Clostridia_258483;o__Oscillospirales;f__Ruminococcaceae;g__Huintestinicola;s__Huintestinicola butyrica,238,0,0,0,0,0,0,0,0,0,73,0,0,140,635,0,0,0,0
d__Bacteria;p__Bacillota_A_368345;c__Clostridia_258483;o__Oscillospirales;f__Ruminococcaceae;g__Ruminococcus_C_58660;s__Ruminococcus_C_58660 callidus,191,0,140,0,1612,0,475,0,138,635,350,124,101,221,60,0,0,0,0
d__Bacteria;p__Bacillota_A_368345;c__Clostridia_258483;o__Oscillospirales;f__Ruminococcaceae;g__Ruminococcus_F;s__Ruminococcus_F champanellensis,0,0,0,0,0,49,23,0,0,0,0,0,0,0,0,0,0,0,0
d__Bacteria;p__Bacillota_A_368345;c__Clostridia_258483;o__Oscillospirales;f__Acutalibacteraceae;__;__,3,0,26,20,0,0,0,20,0,0,5,0,0,0,0,0,0,6,0
d__Bacteria;p__Bacillota_A_368345;c__Clostridia_258483;o__Oscillospirales;f__Acutalibacteraceae;g__;s__,0,782,0,629,0,0,0,0,89,0,0,0,0,0,0,0,0,0,0
d__Bacteria;p__Bacillota_A_368345;c__Clostridia_258483;o__Oscillospirales;f__Acutalibacteraceae;g__Hydrogeniiclostridium;s__,0,0,31,0,0,43,0,0,0,0,0,0,0,0,0,0,0,0,0
d__Bacteria;p__Bacillota_A_368345;c__Clostridia_258483;o__Oscillospirales;f__Acutalibacteraceae;g__Anaeromassilibacillus;s__Anaeromassilibacillus sp001305115,0,0,0,0,0,0,6,5,0,0,0,0,0,0,14,0,8,0,0
d__Bacteria;p__Bacillota_A_368345;c__Clostridia_258483;o__Oscillospirales;f__Acutalibacteraceae;g__Clostridium_A_51961;s__Clostridium_A_51961 leptum,7,112,123,74,15,5,28,0,50,0,30,0,23,26,26,0,8,0,15
d__Bacteria;p__Bacillota_A_368345;c__Clostridia_258483;o__Oscillospirales;f__Acutalibacteraceae;g__UBA5905;s__UBA5905 sp002437905,0,0,0,0,0,22,0,0,0,0,12,0,0,0,0,0,0,0,0
d__Bacteria;p__Bacillota_A_368345;c__Clostridia_258483;o__Oscillospirales;f__Acutalibacteraceae;g__UBA5905;s__,5,42,71,0,0,8,0,20,20,0,0,0,0,9,15,0,0,0,0
d__Bacteria;p__Actinomycetota;c__Actinomycetes;o__Actinomycetales;f__Bifidobacteriaceae;g__Bifidobacterium_388775;s__Bifidobacterium bifidum,0,0,0,0,0,0,0,0,0,128,0,0,28,0,0,0,0,0,0
d__Bacteria;p__Actinomycetota;c__Actinomycetes;o__Actinomycetales;f__Actinomycetaceae;g__Actinomyces;s__Actinomyces graevenitzii,0,0,0,0,0,0,0,0,0,0,0,0,0,0,0,0,0,0,4
d__Bacteria;p__Actinomycetota;c__Actinomycetes;o__Actinomycetales;f__Actinomycetaceae;g__Actinomyces;__,0,0,17,0,0,0,0,0,0,4,0,0,0,0,0,0,0,0,0
d__Bacteria;p__Actinomycetota;c__Actinomycetes;o__Actinomycetales;f__Micrococcaceae;g__Rothia;s__Rothia dentocariosa,0,0,0,0,0,0,0,0,0,0,17,0,0,0,0,0,0,0,0
d__Bacteria;p__Actinomycetota;c__Actinomycetes;o__Actinomycetales;f__Micrococcaceae;g__Rothia;s__Rothia sp001808955,0,0,0,0,0,0,0,0,0,9,0,0,0,0,0,2,5,0,20
d__Bacteria;p__Actinomycetota;c__Actinomycetes;o__Actinomycetales;f__Actinomycetaceae;g__Peptidiphaga;s__Peptidiphaga sp000466165,0,0,9,0,0,0,0,0,0,0,0,0,0,0,0,0,0,0,0
d__Bacteria;p__Actinomycetota;c__Actinomycetes;o__Actinomycetales;f__Actinomycetaceae;g__Pauljensenia;__,0,77,48,0,0,9,4,0,20,0,249,0,0,0,15,0,0,42,86
d__Bacteria;p__Pseudomonadota;c__Gammaproteobacteria;o__Burkholderiales;__;__;__,0,3,0,0,0,0,0,0,0,2,0,0,0,0,0,0,0,0,0
d__Bacteria;p__Bacillota_A_368345;c__Clostridia_258483;o__Lachnospirales;f__Lachnospiraceae;g__Blautia_A_141781;s__Blautia_A_141781 fusiformis,526,4214,10961,1278,916,910,452,595,1457,1055,4314,597,377,603,309,705,1554,249,1232
d__Bacteria;p__Bacillota_A_368345;c__Clostridia_258483;o__Eubacteriales;f__Eubacteriaceae;g__Eubacterium_O_258270;__,0,6,109,34,0,0,2,0,0,0,0,0,0,0,40,0,0,139,0
d__Bacteria;p__Bacillota_A_368345;c__Clostridia_258483;o__Lachnospirales;f__Lachnospiraceae;g__Oliverpabstia;s__Oliverpabstia tarda,0,0,190,0,0,0,0,0,180,0,0,0,0,0,72,143,0,0,0
d__Bacteria;p__Bacillota_A_368345;c__Clostridia_258483;o__Lachnospirales;f__Anaerotignaceae;g__Anaerotignum_189125;__,31,0,0,0,0,41,26,9,146,84,0,0,18,44,64,79,0,0,239
d__Bacteria;p__Bacillota_A_368345;c__Clostridia_258483;o__Lachnospirales;f__Anaerotignaceae;g__Anaerotignum_189125;s__Anaerotignum lactatifermentans,0,238,0,0,0,0,0,0,0,0,0,0,0,0,0,0,80,0,156
d__Bacteria;p__Bacillota_A_368345;c__Clostridia_258483;o__Lachnospirales;f__Anaerotignaceae;g__;s__,9,19,26,0,18,16,13,0,23,0,0,0,9,15,0,14,0,0,76
d__Bacteria;p__Bacillota_A_368345;c__Clostridia_258483;o__Lachnospirales;f__;g__;s__,16,104,154,25,7,24,11,9,3,10,38,0,0,0,9,0,0,0,0
d__Bacteria;p__Bacillota_A_368345;c__Clostridia_258483;o__Lachnospirales;f__Lachnospiraceae;g__Anaerostipes;__,0,0,22,0,0,0,0,0,0,0,21,0,0,0,0,0,38,114,83
d__Bacteria;p__Bacillota_A_368345;c__Clostridia_258483;o__Lachnospirales;f__Lachnospiraceae;g__Anaerostipes;s__Anaerostipes hadrus,241,2784,1453,88,532,411,179,2433,1756,566,6044,262,203,922,240,1295,1738,942,1290
d__Bacteria;p__Bacillota_A_368345;c__Clostridia_258483;o__Peptostreptococcales;f__Anaerovoracaceae;g__Lentihominibacter;s__Lentihominibacter butyrica,0,0,0,0,0,0,0,0,0,0,8,0,0,0,6,0,0,0,0
d__Bacteria;p__Actinomycetota;c__Actinomycetes;o__Actinomycetales;f__Bifidobacteriaceae;g__Bifidobacterium_388775;__,643,0,525,0,364,180,173,897,489,243,1564,635,1448,1187,1074,1952,0,1380,163
d__Bacteria;p__Bacillota_A_368345;c__Clostridia_258483;o__Peptostreptococcales;f__Peptostreptococcaceae_256921;__;__,0,6,0,0,0,0,0,8,0,0,9,0,0,0,0,0,0,0,0
d__Bacteria;p__Bacillota_A_368345;c__Clostridia_258483;o__Lachnospirales;f__Lachnospiraceae;g__Dorea_A;s__Dorea_A formicigenerans,117,773,0,66,229,180,226,208,121,190,193,137,57,103,65,118,0,0,182
d__Bacteria;p__Bacillota_A_368345;c__Clostridia_258483;o__Lachnospirales;f__Lachnospiraceae;g__Blautia_A_141781;__,1118,5326,417,2540,615,1601,813,347,3590,3299,2533,1069,792,1637,1484,2267,3852,7010,2232
d__Bacteria;p__Bacillota_A_368345;c__Clostridia_258483;o__Lachnospirales;f__Lachnospiraceae;g__Enterocloster;s__Enterocloster sp000431375,21,0,0,141,177,186,40,79,231,64,290,30,13,58,115,75,0,0,375
d__Bacteria;p__Bacillota_A_368345;c__Clostridia_258483;o__Lachnospirales;f__Lachnospiraceae;g__Roseburia_D;s__Roseburia_D yibonii,0,0,0,0,13,78,0,0,0,0,0,0,0,0,0,0,0,0,0
d__Bacteria;p__Bacillota_A_368345;c__Clostridia_258483;o__Lachnospirales;f__Lachnospiraceae;g__Eubacterium_J;s__Eubacterium_J plexicaudatum,149,0,59,0,303,70,72,417,187,184,287,0,0,0,20,0,0,0,0
d__Bacteria;p__Bacillota_A_368345;c__Clostridia_258483;o__Lachnospirales;f__Lachnospiraceae;g__Butyribacter;s__Butyribacter sp003529475,25,0,0,86,296,16,0,0,0,78,40,0,0,0,0,0,0,0,0
d__Bacteria;p__Bacillota_A_368345;c__Clostridia_258483;o__Lachnospirales;f__Lachnospiraceae;g__Roseburia_C;__,0,0,0,0,0,0,0,0,0,0,0,34,0,0,0,23,0,0,256
d__Bacteria;p__Bacillota_A_368345;c__Clostridia_258483;o__Lachnospirales;f__Lachnospiraceae;g__Lientehia;s__Lientehia sp902363445,0,0,15,0,9,6,16,20,0,0,7,0,0,0,0,0,0,0,0
d__Bacteria;p__Bacillota_A_368345;c__Clostridia_258483;o__Lachnospirales;f__Lachnospiraceae;g__Mediterraneibacter_A_155590;s__Mediterraneibacter_A_155590 butyricigenes,0,0,0,31,0,0,0,0,13,0,96,0,0,0,0,17,16,0,0
d__Bacteria;p__Bacillota_A_368345;c__Clostridia_258483;o__Lachnospirales;f__Lachnospiraceae;g__Blautia_A_141780;__,0,53,65,0,0,0,0,0,0,0,0,0,0,0,0,0,78,58,19
d__Bacteria;p__Bacillota_A_368345;c__Clostridia_258483;o__Lachnospirales;f__Lachnospiraceae;g__Blautia_A_141780;s__Blautia_A_141780 stercoris,17,0,0,0,14,173,137,0,1092,440,0,0,21,157,15,0,0,0,0
d__Bacteria;p__Bacillota_A_368345;c__Clostridia_258483;o__Lachnospirales;f__Lachnospiraceae;g__Massilistercora;s__Massilistercora timonensis,0,0,262,0,0,0,0,0,0,0,9,0,0,0,0,0,0,0,0
d__Bacteria;p__Bacillota_A_368345;c__Clostridia_258483;o__Lachnospirales;f__Lachnospiraceae;g__Blautia_A_141780;s__Blautia_A_141780 ornithocaccae,0,0,49,146,0,0,0,0,0,0,0,0,0,0,0,0,0,0,277
d__Bacteria;p__Bacillota_A_368345;c__Clostridia_258483;o__Lachnospirales;f__Lachnospiraceae;g__Blautia_A_141781;s__Blautia_A_141781 obeum,689,1990,507,750,997,454,1852,361,966,463,6056,1207,611,1095,168,249,493,0,1041
d__Bacteria;p__Bacillota_A_368345;c__Clostridia_258483;o__Lachnospirales;f__Lachnospiraceae;g__Schaedlerella;s__Schaedlerella hominis,0,0,0,0,82,70,0,0,52,27,0,0,0,0,0,0,0,0,0
d__Bacteria;p__Bacillota_A_368345;c__Clostridia_258483;o__Lachnospirales;f__Lachnospiraceae;g__Mediterraneibacter_A_155507;s__Mediterraneibacter_A_155507 lactaris,12,1554,0,0,280,140,0,21,0,0,48,78,84,31,50,541,0,0,582
d__Bacteria;p__Bacillota_A_368345;c__Clostridia_258483;o__Lachnospirales;f__Lachnospiraceae;g__Blautia_A_141781;s__Blautia_A_141781 caecimuris,0,197,132,17,0,0,0,0,0,0,0,0,0,0,0,0,0,73,1242
d__Bacteria;p__Bacillota_A_368345;c__Clostridia_258483;o__Lachnospirales;f__Lachnospiraceae;g__Eisenbergiella;s__,40,191,5,0,60,92,168,0,76,336,16,99,0,72,85,446,365,0,119
d__Bacteria;p__Bacillota_A_368345;c__Clostridia_258483;o__Lachnospirales;f__Lachnospiraceae;g__Fusicatenibacter;s__Fusicatenibacter saccharivorans,552,3447,4495,35,1526,1444,849,1303,1436,1214,274,930,596,898,1059,792,2766,0,749
d__Bacteria;p__Bacillota_A_368345;c__Clostridia_258483;o__Lachnospirales;f__Lachnospiraceae;g__Alitiscatomonas;s__Alitiscatomonas aceti,15,0,136,53,52,0,54,0,34,0,0,39,0,14,18,0,116,0,124
d__Bacteria;p__Bacillota_A_368345;c__Clostridia_258483;o__Lachnospirales;f__Lachnospiraceae;g__COE1;s__,0,0,0,0,269,608,0,38,0,0,0,0,0,0,0,0,0,0,0
d__Bacteria;p__Bacillota_A_368345;c__Clostridia_258483;o__Lachnospirales;f__Lachnospiraceae;g__Dorea_A;s__Dorea_A longicatena,251,1368,0,1153,569,759,957,307,455,695,825,303,185,445,964,392,0,0,1093
d__Bacteria;p__Bacillota_A_368345;c__Clostridia_258483;o__Lachnospirales;f__Lachnospiraceae;g__UBA3402;s__UBA3402 sp003478355,10,0,0,0,24,84,88,20,34,96,31,0,6,0,10,0,0,0,42
d__Bacteria;p__Bacillota_A_368345;c__Clostridia_258483;o__Lachnospirales;f__Lachnospiraceae;g__Blautia_A_141781;s__Blautia_A_141781 ammoniilytica,22,0,0,0,17,41,53,0,33,0,60,34,23,15,71,0,0,0,0
d__Bacteria;p__Bacillota_A_368345;c__Clostridia_258483;o__Lachnospirales;f__Lachnospiraceae;g__Butyrivibrio_A_180067;s__Butyrivibrio_A_180067 crossotus,0,0,0,0,0,1181,832,102,0,0,0,0,48,12,0,0,0,0,0
d__Bacteria;p__Bacillota_A_368345;c__Clostridia_258483;o__Lachnospirales;f__Lachnospiraceae;g__Eisenbergiella;s__Eisenbergiella porci,0,84,57,111,0,0,12,0,0,0,0,0,0,0,0,0,26,25,0
d__Bacteria;p__Bacillota_A_368345;c__Clostridia_258483;o__Lachnospirales;f__Lachnospiraceae;g__Ruminococcus_B;s__Ruminococcus_B gnavus,0,51,0,36,48,0,0,0,0,0,0,0,0,0,0,11,449,612,857
d__Bacteria;p__Bacillota_A_368345;c__Clostridia_258483;o__Lachnospirales;f__Lachnospiraceae;g__C-53;s__,0,0,0,0,0,97,0,30,0,0,0,0,0,0,0,0,0,0,0
d__Bacteria;p__Bacillota_A_368345;c__Clostridia_258483;o__Lachnospirales;f__Lachnospiraceae;g__Dorea_D_146760;s__Dorea_D_146760 hominis,0,0,0,0,0,43,23,0,44,0,451,0,0,0,0,0,0,0,0
d__Bacteria;p__Bacillota_A_368345;c__Clostridia_258483;o__Lachnospirales;f__Lachnospiraceae;g__Muricoprocola;s__Muricoprocola aceti,0,0,0,0,17,61,0,19,15,0,0,0,0,0,0,0,0,0,0
d__Bacteria;p__Bacillota_A_368345;c__Clostridia_258483;o__Lachnospirales;f__Lachnospiraceae;g__Enterocloster;__,0,112,0,26,0,0,0,0,0,0,0,0,0,0,0,0,139,45,155
d__Bacteria;p__Bacillota_A_368345;c__Clostridia_258483;o__Lachnospirales;f__Lachnospiraceae;g__Brotaphodocola;s__,0,37,0,0,0,0,0,0,0,0,0,0,0,0,0,0,42,0,69
d__Bacteria;p__Bacillota_A_368345;c__Clostridia_258483;o__Lachnospirales;f__Lachnospiraceae;g__Alitiscatomonas;s__Alitiscatomonas sp900066535,53,111,0,20,185,301,165,82,166,273,26,18,21,0,99,108,122,0,472
d__Bacteria;p__Bacillota_A_368345;c__Clostridia_258483;o__Lachnospirales;f__Lachnospiraceae;g__Brotaphodocola;s__Brotaphodocola sp003481825,28,85,0,0,109,154,33,118,94,142,0,32,18,17,38,58,87,0,0
d__Bacteria;p__Bacillota_A_368345;c__Clostridia_258483;o__Lachnospirales;f__Lachnospiraceae;g__Hominisplanchenecus_A;s__Hominisplanchenecus_A faecis,95,0,0,243,91,763,235,0,908,0,64,92,56,74,0,10,0,0,14
d__Bacteria;p__Bacillota_A_368345;c__Clostridia_258483;o__Lachnospirales;f__Lachnospiraceae;g__Limivivens;s__,0,0,0,29,61,17,12,0,22,15,0,0,24,6,71,0,0,0,0
d__Bacteria;p__Bacillota_A_368345;c__Clostridia_258483;o__Lachnospirales;f__Lachnospiraceae;g__Clostridium_AP_143938;__,0,34,149,0,0,0,0,0,0,0,0,0,0,0,0,0,0,106,0
d__Bacteria;p__Bacillota_A_368345;c__Clostridia_258483;o__Lachnospirales;f__Lachnospiraceae;g__Blautia_A_141781;s__Blautia_A_141781 faecis,275,464,3558,1725,467,695,1320,209,813,949,1220,227,330,307,1564,168,119,0,850
d__Bacteria;p__Bacillota_A_368345;c__Clostridia_258483;o__Lachnospirales;f__Lachnospiraceae;g__Porcincola;s__,0,0,0,48,51,36,43,0,81,39,0,0,0,14,30,0,44,0,11
d__Bacteria;p__Bacillota_A_368345;c__Clostridia_258483;o__Lachnospirales;f__Lachnospiraceae;g__Scatomonas;s__Scatomonas hejianensis,0,16,28,29,10,0,0,0,0,0,35,0,0,0,14,10,0,0,0
d__Bacteria;p__Bacillota_A_368345;c__Clostridia_258483;o__Lachnospirales;f__Lachnospiraceae;g__Bariatricus;__,36,0,2113,839,182,232,410,152,256,73,395,236,126,149,425,0,11,0,0
d__Bacteria;p__Bacillota_A_368345;c__Clostridia_258483;o__Lachnospirales;f__Lachnospiraceae;g__Otoolea_135853;s__Otoolea saccharolyticum_A,0,16,0,0,0,0,0,0,0,24,0,0,0,0,0,0,28,0,0
d__Bacteria;p__Bacillota_A_368345;c__Clostridia_258483;o__Lachnospirales;f__Lachnospiraceae;g__Limivivens;s__Limivivens sp900066135,14,179,0,55,70,17,0,194,207,71,15,0,19,17,28,26,0,0,0
d__Bacteria;p__Bacillota_A_368345;c__Clostridia_258483;o__Lachnospirales;f__Lachnospiraceae;g__Blautia_A_141781;s__,0,0,64,0,0,0,0,0,0,24,0,0,0,0,0,0,0,0,0
d__Bacteria;p__Bacillota_A_368345;c__Clostridia_258483;o__Lachnospirales;f__Lachnospiraceae;g__Otoolea_134252;__,0,0,7,17,0,0,0,0,0,0,0,0,0,0,6,0,0,0,11
d__Bacteria;p__Bacillota_A_368345;c__Clostridia_258483;o__Lachnospirales;f__Lachnospiraceae;g__Clostridium_R_135822;s__Clostridium_R_135822 fessum,88,76,0,0,138,93,136,29,239,81,0,89,48,76,30,46,131,0,175
d__Bacteria;p__Bacillota_A_368345;c__Clostridia_258483;o__Lachnospirales;f__Lachnospiraceae;g__Acetatifactor;s__Acetatifactor muris,0,0,0,0,14,0,292,0,137,0,0,0,0,0,0,0,0,0,0
d__Bacteria;p__Bacillota_A_368345;c__Clostridia_258483;o__Lachnospirales;f__Lachnospiraceae;g__Lachnoclostridium_B;s__Lachnoclostridium_B ammoniilytica,22,0,0,54,66,37,79,32,50,10,347,30,15,26,7,17,0,0,76
d__Bacteria;p__Bacillota_A_368345;c__Clostridia_258483;o__Lachnospirales;f__Lachnospiraceae;g__Alitiscatomonas;s__,0,29,0,0,0,0,0,41,0,0,0,0,0,0,0,0,0,0,0
d__Bacteria;p__Bacillota_A_368345;c__Clostridia_258483;o__Lachnospirales;f__Lachnospiraceae;g__Suilimivivens;s__Suilimivivens aceti,0,0,0,0,23,25,0,20,0,0,0,0,0,0,0,0,0,0,0
d__Bacteria;p__Bacillota_A_368345;c__Clostridia_258483;o__Lachnospirales;f__Lachnospiraceae;g__Blautia_A_141781;s__Blautia_A_141781 luti,0,47,469,0,70,0,0,0,0,0,150,0,0,155,147,0,0,0,0
d__Bacteria;p__Bacillota_A_368345;c__Clostridia_258483;o__Lachnospirales;f__Lachnospiraceae;g__Blautia_A_141781;s__Blautia_A_141781 wexlerae,0,0,0,0,0,0,0,0,0,0,0,0,0,0,74,174,0,0,0
d__Bacteria;p__Bacillota_A_368345;c__Clostridia_258483;o__Lachnospirales;f__Lachnospiraceae;g__Acetatifactor;s__Acetatifactor acetigignens,38,81,59,0,1021,339,376,18,1202,405,33,22,55,109,273,607,190,0,201
d__Bacteria;p__Bacillota_A_368345;c__Clostridia_258483;o__Lachnospirales;f__Lachnospiraceae;g__CAG-194;s__CAG-194 sp000432915,0,0,0,0,54,22,0,0,9,0,8,0,0,0,0,0,0,0,0
d__Bacteria;p__Bacillota_A_368345;c__Clostridia_258483;o__Lachnospirales;f__Lachnospiraceae;g__Frisingicoccus;s__Frisingicoccus caecimuris,0,0,0,0,0,0,0,0,0,0,0,0,0,0,0,0,16,0,42
d__Bacteria;p__Bacillota_A_368345;c__Clostridia_258483;o__Lachnospirales;f__Lachnospiraceae;g__Coprococcus_A_187866;s__Coprococcus_A_187866 catus_A,140,367,0,438,153,310,448,105,227,197,925,79,31,153,130,307,0,0,0
d__Bacteria;p__Bacillota_A_368345;c__Clostridia_258483;o__Lachnospirales;f__Lachnospiraceae;g__Catenibacillus;s__Catenibacillus scindens,0,0,0,0,0,0,0,0,0,0,0,0,0,0,0,10,34,0,0
d__Bacteria;p__Bacillota_A_368345;c__Clostridia_258483;o__Lachnospirales;f__Lachnospiraceae;g__Laedolimicola;s__,16,22,0,0,32,22,24,0,17,13,0,0,0,8,17,9,0,0,0
d__Bacteria;p__Bacillota_A_368345;c__Clostridia_258483;o__Lachnospirales;f__Lachnospiraceae;g__Laedolimicola;s__Laedolimicola sp011959465,0,7,0,14,0,0,0,0,0,0,0,0,0,0,0,0,0,0,0
d__Bacteria;p__Bacillota_A_368345;c__Clostridia_258483;o__Lachnospirales;f__Lachnospiraceae;g__Eubacterium_F;__,0,0,0,0,0,29,0,205,0,0,0,0,0,0,0,0,0,0,0
d__Bacteria;p__Bacillota_A_368345;c__Clostridia_258483;o__Oscillospirales;f__Oscillospiraceae_88309;g__Vescimonas;__,0,0,0,0,0,4,116,0,0,0,0,168,68,0,1089,0,0,0,0
d__Bacteria;p__Bacillota_A_368345;c__Clostridia_258483;o__Lachnospirales;f__Lachnospiraceae;g__Eubacterium_F;s__Eubacterium_F sp003491505,72,0,23,0,214,114,107,54,233,134,24,28,59,23,114,130,0,0,0
d__Bacteria;p__Bacillota_A_368345;c__Clostridia_258483;o__Lachnospirales;f__Lachnospiraceae;g__Eubacterium_F;s__Eubacterium_F sp000687695,0,0,0,0,0,0,0,66,0,0,0,0,0,0,35,0,0,0,0
d__Bacteria;p__Bacillota_A_368345;c__Clostridia_258483;o__Oscillospirales;f__CAG-272;g__RUG13077;s__,42,0,0,0,31,16,0,88,19,4,0,0,0,0,31,0,0,0,0
d__Bacteria;p__Bacillota_A_368345;c__Clostridia_258483;o__Christensenellales;f__Aristaeellaceae;g__SFMI01;s__,217,0,0,0,15,955,575,499,75,29,421,724,151,79,345,0,0,0,0
d__Bacteria;p__Bacillota_A_368345;c__Clostridia_258483;o__Eubacteriales;f__Anaerofustaceae;g__;s__,0,0,0,0,0,7,0,4,0,0,6,0,0,0,0,0,0,0,0
d__Bacteria;p__Bacillota_A_368345;c__Clostridia_258483;o__Christensenellales;__;__;__,0,0,0,0,0,18,13,93,0,0,3,0,0,0,0,0,0,0,0
d__Bacteria;p__Bacillota_A_368345;c__Clostridia_258483;o__Christensenellales;f__Aristaeellaceae;g__;s__,8,9,0,0,0,53,94,346,38,0,248,11,0,0,164,0,0,0,0
d__Bacteria;p__Bacillota_A_368345;c__Clostridia_258483;o__Christensenellales;f__CAG-917;g__CAG-349;s__CAG-349 sp003539515,0,0,0,0,0,0,0,8,214,0,0,0,0,0,0,0,0,0,0
d__Bacteria;p__Bacillota_A_368345;c__Clostridia_258483;o__Christensenellales;f__Aristaeellaceae;g__Limiplasma;s__Limiplasma merdipullorum,51,0,0,0,0,24,0,137,39,0,119,0,0,0,0,0,0,0,0
d__Bacteria;p__Bacillota_A_368345;c__Clostridia_258483;o__Oscillospirales;f__Oscillospiraceae_88309;g__Vescimonas;s__Vescimonas coprocola,155,1111,0,0,223,395,230,274,91,298,59,110,59,66,130,97,0,0,40
d__Bacteria;p__Actinomycetota;c__Coriobacteriia;o__Coriobacteriales;f__Eggerthellaceae;g__Slackia;s__Slackia isoflavoniconvertens,10,0,0,0,11,33,6,0,6,0,0,0,0,0,0,0,0,0,0
d__Bacteria;p__Actinomycetota;c__Coriobacteriia;o__Coriobacteriales;f__Coriobacteriaceae;g__Collinsella;__,122,0,0,0,220,253,299,0,189,0,4650,326,352,69,116,29,0,0,62
d__Bacteria;p__Actinomycetota;c__Coriobacteriia;o__Coriobacteriales;f__Eggerthellaceae;g__Gordonibacter;s__Gordonibacter pamelaeae,0,0,147,0,0,0,0,0,0,0,50,0,0,0,0,0,0,3,2
d__Bacteria;p__Actinomycetota;c__Coriobacteriia;o__Coriobacteriales;f__Eggerthellaceae;g__Slackia;s__Slackia piriformis,0,0,0,0,9,14,28,0,0,0,0,0,0,0,0,0,0,0,0
d__Bacteria;p__Bacillota_B_370539;c__Peptococcia_369891;o__Peptococcales_369891;f__Peptococcaceae_369362;g__Peptococcus;s__Peptococcus niger,0,0,0,0,0,75,36,19,8,0,0,0,0,0,0,0,0,0,0
d__Bacteria;p__Bacillota_A_368345;c__Clostridia_258483;o__Christensenellales;f__Aristaeellaceae;g__Onthenecus;s__,196,454,0,0,143,244,328,324,219,23,224,45,12,31,17,32,27,0,39
d__Bacteria;p__Bacillota_A_368345;c__Clostridia_258483;o__Christensenellales;f__Aristaeellaceae;g__SFMI01;s__SFMI01 sp004556155,0,0,0,0,18,20,0,95,0,11,0,0,0,0,0,0,0,0,0
d__Bacteria;p__Bacillota_A_368345;c__Clostridia_258483;o__Christensenellales;f__CAG-138;g__;s__,50,0,0,0,0,42,100,170,95,0,85,0,0,0,1147,0,0,0,0
d__Bacteria;p__Bacillota_A_368345;c__Clostridia_258483;o__Oscillospirales;f__Butyricicoccaceae;g__Butyricicoccus_A_77419;s__Butyricicoccus_A porcorum,0,0,0,0,0,24,0,514,10,0,0,0,0,0,0,0,0,0,0
d__Bacteria;p__Bacillota_A_368345;c__Clostridia_258483;o__Christensenellales;f__Maliibacteriaceae;g__Maliibacterium;s__,0,0,0,0,8,10,0,10,4,0,0,0,0,0,0,0,0,0,0
d__Bacteria;p__Bacillota_A_368345;c__Clostridia_258483;o__Christensenellales;f__CAG-138;__;__,0,0,5,0,0,0,16,0,0,0,40,0,0,0,0,0,0,0,0
d__Bacteria;p__Bacillota_A_368345;c__Clostridia_258483;o__Christensenellales;f__CAG-138;g__PeH17;s__PeH17 sp000435055,419,0,0,0,70,8,55,103,48,0,376,0,0,0,0,0,0,0,0
d__Bacteria;p__Synergistota;c__Synergistia;o__Synergistales;f__Synergistaceae;g__Cloacibacillus;s__Cloacibacillus evryensis,0,0,0,0,0,0,6,0,0,0,24,0,0,0,0,0,0,0,0
d__Bacteria;p__Patescibacteria;c__Saccharimonadia;o__Saccharimonadales;f__Nanosynbacteraceae;g__Nanosynbacter;s__,0,3,0,0,0,0,2,0,0,0,0,0,0,0,0,0,0,0,0
d__Bacteria;p__Pseudomonadota;c__Gammaproteobacteria;o__Burkholderiales;f__Burkholderiaceae_A_595427;g__Sutterella;__,0,0,0,0,0,552,99,0,37,0,0,162,211,131,220,175,0,0,0
d__Bacteria;p__Pseudomonadota;c__Gammaproteobacteria;o__Burkholderiales;f__Burkholderiaceae_A_595427;g__Sutterella;s__Sutterella wadsworthensis_A_565807,0,0,0,0,0,0,89,0,0,0,0,70,81,0,110,86,0,0,0
d__Bacteria;p__Pseudomonadota;c__Gammaproteobacteria;o__Burkholderiales;f__Burkholderiaceae_A_595427;g__Sutterella;s__Sutterella wadsworthensis_A_565869,127,0,0,0,368,0,0,25,971,437,0,0,0,11,134,43,0,0,0
d__Bacteria;p__Pseudomonadota;c__Gammaproteobacteria;o__Burkholderiales;f__Burkholderiaceae_A_595421;__;__,0,0,0,0,0,0,0,0,0,0,9,0,0,0,0,0,0,0,0
d__Bacteria;p__Actinomycetota;c__Actinomycetes;o__Mycobacteriales;f__Geodermatophilaceae;g__Geodermatophilus;__,0,6,0,0,0,0,6,0,0,0,0,0,0,0,0,0,0,0,0
d__Bacteria;p__Actinomycetota;c__Actinomycetes;o__Actinomycetales;f__Bifidobacteriaceae;g__Alloscardovia;s__Alloscardovia omnicolens,0,0,0,0,0,0,0,0,0,0,24,0,0,0,0,0,0,0,0
d__Bacteria;p__Actinomycetota;c__Actinomycetes;o__Mycobacteriales;f__Mycobacteriaceae;g__Corynebacterium;s__Corynebacterium durum,0,0,0,0,0,0,0,0,0,0,0,0,0,0,6,0,0,0,0
d__Bacteria;p__Pseudomonadota;c__Gammaproteobacteria;o__Burkholderiales;f__Burkholderiaceae_A_595421;g__Oxalobacter;__,17,0,0,0,40,35,11,0,25,15,9,0,0,0,0,0,0,0,0
d__Bacteria;p__Pseudomonadota;c__Gammaproteobacteria;o__Burkholderiales;f__Burkholderiaceae_A_595427;g__Parasutterella_564865;__,22,502,272,838,95,57,46,0,0,33,34,4,0,0,8,0,513,231,1834
d__Bacteria;p__Actinomycetota;c__Actinomycetes;o__Mycobacteriales;f__Mycobacteriaceae;g__Corynebacterium;__,0,0,3,0,0,0,0,0,0,0,0,0,0,0,0,0,0,0,0
d__Bacteria;p__Bacillota_A_368345;c__Clostridia_258483;o__Oscillospirales;f__Oscillospiraceae_88309;g__Limivicinus;s__Limivicinus sp002320035,155,203,0,0,178,596,290,984,157,117,68,0,24,21,440,0,0,0,0
d__Bacteria;p__Bacillota_I;c__Bacilli_A;o__Staphylococcales;f__Gemellaceae;g__Gemella;__,0,0,9,0,0,0,0,0,7,0,7,0,0,0,0,0,0,0,9
d__Bacteria;p__Bacillota_A_368345;c__Clostridia_258483;o__UBA1381;f__UBA1381;g__Hominilimicola;s__Hominilimicola sp001941225,39,7,0,586,1032,505,515,128,279,427,39,31,0,14,71,56,150,0,271
d__Bacteria;p__Bacillota_A_368345;c__Clostridia_258483;o__Oscillospirales;f__CAG-272;g__QALR01;s__QALR01 sp900552255,0,0,0,0,0,30,0,209,0,0,0,0,0,0,0,0,0,0,0
d__Bacteria;p__Bacillota_A_368345;c__Clostridia_258483;o__Oscillospirales;f__Acutalibacteraceae;g__CAG-177;s__CAG-177 sp003538135,0,0,0,0,0,0,0,1457,0,0,30,0,0,0,0,0,0,0,0
d__Bacteria;p__Bacillota_A_368345;c__Clostridia_258483;o__Oscillospirales;f__CAG-272;g__Avispirillum;s__Avispirillum sp011957885,0,0,0,0,18,13,33,0,22,0,0,0,0,0,0,0,0,0,0
d__Bacteria;p__Bacillota_I;c__Bacilli_A;o__Bacillales_B_310392;f__Bacillaceae_G;g__Bacillus_A;__,0,0,0,0,0,59,0,0,0,0,0,0,0,0,0,0,0,0,0
d__Bacteria;p__Bacillota_I;c__Bacilli_A;o__Staphylococcales;f__Staphylococcaceae;g__Staphylococcus;__,0,0,37,0,0,0,12,0,0,0,0,0,0,0,0,0,0,0,0
d__Bacteria;p__Bacillota_A_368345;c__Clostridia_258483;o__Oscillospirales;f__Oscillospiraceae_88309;g__Lawsonibacter;s__Lawsonibacter faecis,0,0,0,0,41,59,32,20,28,0,0,12,7,4,42,24,0,0,82
d__Bacteria;p__Bacillota_A_368345;c__Clostridia_258483;o__Oscillospirales;f__Oscillospiraceae_88309;g__Lawsonibacter;s__Lawsonibacter sp000492175,0,28,0,60,16,28,0,0,0,0,0,0,0,4,0,0,0,0,0
d__Bacteria;p__Bacillota_A_368345;c__Clostridia_258483;o__Oscillospirales;f__Oscillospiraceae_88309;g__Intestinimonas;s__Intestinimonas massiliensis,0,0,43,9,0,0,0,0,0,0,0,0,0,0,0,0,0,0,0
d__Bacteria;p__Bacillota_A_368345;c__Clostridia_258483;o__Oscillospirales;f__Oscillospiraceae_88309;g__Evtepia;s__,29,0,0,0,33,48,0,68,0,0,0,0,0,0,0,0,0,0,0
d__Bacteria;p__Bacillota_A_368345;c__Clostridia_258483;o__Oscillospirales;f__Oscillospiraceae_88309;g__Lawsonibacter;s__Lawsonibacter sp000177015,0,20,64,145,0,0,0,13,0,0,0,0,0,0,10,0,52,0,171
d__Bacteria;p__Bacillota_A_368345;c__Clostridia_258483;o__Oscillospirales;f__Oscillospiraceae_88309;g__Lawsonibacter;s__,0,56,168,46,19,0,0,0,0,11,0,0,0,14,0,0,85,0,71
d__Bacteria;p__Bacillota_A_368345;c__Clostridia_258483;o__Oscillospirales;f__CAG-272;g__RUG13077;__,0,0,0,0,0,0,27,166,0,0,0,0,0,0,0,0,0,0,0
d__Bacteria;p__Bacillota_A_368345;c__Clostridia_258483;o__Oscillospirales;f__CAG-382;g__SFLA01;s__,0,0,0,0,61,40,0,101,15,30,4,0,0,0,0,0,0,0,0
d__Bacteria;p__Bacillota_I;c__Bacilli_A;o__Lactobacillales;f__Lactobacillaceae;g__Limosilactobacillus;__,0,0,0,0,0,0,0,0,0,0,62,0,0,0,0,0,0,0,0
d__Bacteria;p__Bacillota_I;c__Bacilli_A;o__Lactobacillales;f__Lactobacillaceae;g__Lacticaseibacillus;__,0,0,0,0,0,5,0,0,0,0,0,0,0,0,0,0,0,0,0
d__Bacteria;p__Bacillota_A_368345;c__Clostridia_258483;o__Oscillospirales;f__CAG-382;g__SFLA01;s__SFLA01 sp004553575,0,0,0,0,0,25,13,121,51,0,0,0,0,0,0,0,0,0,0
d__Bacteria;p__Bacillota_A_368345;c__Clostridia_258483;o__Christensenellales;f__Borkfalkiaceae;g__UBA1259;s__UBA1259 sp900320065,0,0,0,0,0,0,5,76,18,0,2,0,0,0,0,0,0,0,0
d__Bacteria;p__Bacillota_A_368345;c__Clostridia_258483;o__Oscillospirales;f__Acutalibacteraceae;g__Eubacterium_R;s__Eubacterium_R faecavium,0,0,0,0,0,0,0,0,0,0,0,0,0,0,0,476,0,0,187
d__Bacteria;p__Bacillota_A_368345;c__Clostridia_258483;o__Oscillospirales;f__Acutalibacteraceae;g__CAG-217;__,0,0,0,0,0,0,736,112,0,0,0,0,213,0,0,0,0,0,0
d__Bacteria;p__Bacillota_A_368345;c__Clostridia_258483;o__Oscillospirales;f__Acutalibacteraceae;g__Eubacterium_R;s__Eubacterium_R sp000436835,224,0,0,0,673,381,0,0,505,0,230,306,0,481,1062,0,0,0,0
d__Bacteria;p__Bacillota_A_368345;c__Clostridia_258483;o__Oscillospirales;f__Ruminococcaceae;g__Ruminiclostridium_E;s__Ruminiclostridium_E siraeum,4,58,193,0,1697,206,139,430,1608,46,24,0,0,234,143,11,0,7,2
d__Bacteria;p__Bacillota_A_368345;c__Clostridia_258483;o__Oscillospirales;f__Acutalibacteraceae;g__UBA737;s__UBA737 sp900547445,0,0,0,0,15,0,17,4,8,0,0,0,0,0,0,0,0,0,0
d__Bacteria;p__Bacillota_C;c__Negativicutes;o__Acidaminococcales;f__Acidaminococcaceae;g__Phascolarctobacterium_A_40086;s__Phascolarctobacterium_A_40086 faecium,0,266,369,628,175,389,490,0,733,0,0,0,0,81,0,0,169,464,904
d__Bacteria;p__Bacillota_C;c__Negativicutes;o__Acidaminococcales;f__Acidaminococcaceae;g__Phascolarctobacterium_A_40086;__,0,0,0,0,150,174,0,0,0,0,0,0,0,0,0,0,0,0,0
d__Bacteria;p__Bacillota_C;c__Negativicutes;o__Acidaminococcales;f__Acidaminococcaceae;g__Succiniclasticum;s__Succiniclasticum sp900315805,0,0,0,0,0,0,0,0,0,0,0,0,0,0,399,239,0,0,0
d__Bacteria;p__Bacillota_C;c__Negativicutes;o__Veillonellales;f__Dialisteraceae;__;__,0,0,0,0,0,0,0,0,0,0,15,0,0,0,0,0,0,0,0
d__Bacteria;p__Bacillota_A_368345;c__Clostridia_258483;o__Clostridiales;f__Clostridiaceae_222000;g__Clostridium_T;__,59,75,97,22,624,3173,41,526,0,382,20,19,151,21,3340,0,0,141,0
d__Bacteria;p__Bacillota_A_368345;c__Clostridia_258483;o__Clostridiales;f__Clostridiaceae_222000;__;__,0,0,0,0,0,0,0,0,0,4,198,0,0,0,0,0,0,0,0
d__Bacteria;p__Bacillota_A_368345;c__Clostridia_258483;o__DSM-8532;f__;g__;s__,0,0,0,0,4,0,0,27,0,0,0,0,0,0,0,0,0,0,0
d__Bacteria;p__Bacillota_A_368345;c__Clostridia_258483;o__Oscillospirales;f__Oscillospiraceae_88309;g__Hominicoprocola;s__Hominicoprocola sp900317525,68,0,399,0,65,168,196,52,247,76,19,0,35,0,253,0,0,0,0
d__Bacteria;p__Bacillota_A_368345;c__Clostridia_258483;o__Oscillospirales;f__Oscillospiraceae_88309;g__Dysosmobacter;s__Dysosmobacter sp000403435,130,0,0,0,181,716,177,181,389,723,25,88,48,39,445,62,0,0,120
d__Bacteria;p__Bacillota_A_368345;c__Clostridia_258483;o__Oscillospirales;f__Oscillospiraceae_88309;g__Dysosmobacter;__,0,0,0,0,0,8,0,193,0,0,0,0,0,0,0,0,0,0,0
d__Bacteria;p__Bacillota_A_368345;c__Clostridia_258483;o__;f__;g__;s__,0,0,0,0,0,29,0,25,0,0,0,0,0,0,0,0,0,0,0
d__Bacteria;p__Bacillota_A_368345;c__Clostridia_258483;o__Oscillospirales;f__Oscillospiraceae_88309;g__Dysosmobacter;s__,0,5,0,0,11,0,0,0,24,14,0,0,0,6,11,0,0,0,58
d__Bacteria;p__Bacillota_A_368345;c__Clostridia_258483;o__Oscillospirales;f__Oscillospiraceae_88309;g__Vescimonas;s__,0,0,0,0,0,159,230,0,66,0,0,0,0,0,0,0,0,0,0
d__Bacteria;p__Bacillota_A_368345;c__Clostridia_258483;o__Oscillospirales;f__Oscillospiraceae_88309;g__Faecousia;s__Faecousia sp000434635,173,42,615,0,57,303,403,351,65,88,59,55,47,71,641,0,0,0,0
d__Bacteria;p__Bacillota_A_368345;c__Clostridia_258483;o__Oscillospirales;f__Oscillospiraceae_88309;g__Lawsonibacter;__,0,0,4,35,0,0,12,0,11,5,0,0,0,0,0,6,7,0,0
d__Bacteria;p__Bacillota_A_368345;c__Clostridia_258483;o__Monoglobales;f__Monoglobaceae;g__Monoglobus;s__Monoglobus pectinilyticus,0,0,109,0,11,0,0,0,0,113,122,60,15,0,47,13,0,0,0
d__Bacteria;p__Bacillota_I;c__Bacilli_A;o__Lactobacillales;f__Enterococcaceae;__;__,0,0,0,0,0,0,0,0,0,0,0,0,0,0,0,0,0,14,0
d__Bacteria;p__Bacillota_I;c__Bacilli_A;o__Lactobacillales;f__Aerococcaceae;g__Granulicatella;__,0,0,30,0,0,0,0,0,0,2,26,0,0,0,0,0,0,0,11
d__Bacteria;p__Bacillota_I;c__Bacilli_A;o__Erysipelotrichales;f__Erysipelotrichaceae;g__Holdemanella;s__Holdemanella biformis,33,0,0,0,594,2215,1519,0,0,0,0,0,0,0,0,0,0,0,0
d__Bacteria;p__Bacillota_A_368345;c__Clostridia_258483;o__Oscillospirales;f__CAG-272;g__Avispirillum;s__,25,0,0,0,61,56,67,127,26,0,4,0,20,3,137,0,0,0,0
d__Bacteria;p__Bacillota_I;c__Bacilli_A;o__MOL361;f__Turicibacteraceae;g__Turicibacter;s__Turicibacter sanguinis,6,0,100,0,81,0,0,22,0,0,0,0,0,0,0,0,0,0,0
d__Bacteria;p__Bacillota_I;c__Bacilli_A;o__MOL361;f__Turicibacteraceae;g__Turicibacter;__,0,878,1384,742,0,38,18,0,0,618,7,58,5,0,164,0,0,166,20
d__Bacteria;p__Bacillota_A_368345;c__Clostridia_258483;o__Christensenellales;f__CAG-138;g__PeH17;s__PeH17 sp900542285,0,0,0,0,5,67,0,9,0,0,11,0,0,0,0,0,0,0,0
d__Bacteria;p__Bacillota_I;c__Bacilli_A;o__Erysipelotrichales;f__Coprobacillaceae;g__Faecalibacillus;__,0,42,0,0,0,0,0,0,0,0,81,0,0,0,0,0,0,0,0
d__Bacteria;p__Bacillota_G;c__DTU014;o__DTU014;f__DTU014;g__DTU014;s__,0,0,0,0,7,12,4,3,9,0,12,0,0,0,0,0,0,0,0
d__Bacteria;p__Bacillota_A_368345;c__Clostridia_258483;o__Oscillospirales;f__Oscillospiraceae_88309;g__WQUU01;s__WQUU01 sp009781925,0,0,0,0,0,0,0,9,13,0,0,0,0,0,0,0,0,0,0
d__Bacteria;p__Verrucomicrobiota;c__Lentisphaeria;o__Victivallales;f__UBA1829;g__UBA11452;s__,0,0,0,0,0,16,45,101,35,0,38,0,0,0,0,0,0,0,0
d__Bacteria;p__Verrucomicrobiota;c__Lentisphaeria;o__Victivallales;f__Victivallaceae;g__Victivallis;s__Victivallis lenta,0,0,0,0,7,2,34,14,0,0,0,0,0,0,0,0,0,0,0
d__Bacteria;p__Verrucomicrobiota;c__Lentisphaeria;o__Victivallales;f__Victivallaceae;g__Victivallis;s__Victivallis vadensis,0,0,0,0,0,0,0,9,0,0,0,0,0,0,58,0,0,0,0
d__Bacteria;p__Bacillota_A_368345;c__Clostridia_258483;o__Oscillospirales;f__Oscillospiraceae_88309;g__Limivicinus;s__,0,0,0,0,20,585,125,195,14,0,0,0,0,0,124,0,0,0,0
d__Bacteria;p__Bacillota_A_368345;c__Clostridia_258483;o__Lachnospirales;f__Lachnospiraceae;g__G11;s__,0,0,0,0,783,0,0,0,376,0,0,0,0,0,0,0,0,0,0
d__Bacteria;p__Bacillota_A_368345;c__Clostridia_258483;o__Lachnospirales;f__Lachnospiraceae;g__Eubacterium_I;s__,0,0,0,0,91,73,113,30,212,0,0,0,0,0,0,0,0,0,0
d__Bacteria;p__Bacillota_A_368345;c__Clostridia_258483;o__Lachnospirales;f__Lachnospiraceae;g__Eubacterium_I;s__Eubacterium_I ramulus,20,0,0,0,0,148,0,62,0,108,0,0,22,43,55,88,0,0,375
d__Bacteria;p__Bacillota_A_368345;c__Clostridia_258483;o__Lachnospirales;f__Lachnospiraceae;g__Pararoseburia;s__Pararoseburia lenta,0,0,0,0,0,150,0,47,0,0,0,0,0,0,0,0,0,0,0
d__Bacteria;p__Bacillota_A_368345;c__Clostridia_258483;o__Lachnospirales;f__Lachnospiraceae;g__Lachnospira;__,294,461,66,0,1369,798,140,23,744,326,344,85,71,0,121,0,0,0,304
d__Bacteria;p__Bacillota_A_368345;c__Clostridia_258483;o__Lachnospirales;f__Lachnospiraceae;g__Lachnospira;s__Lachnospira eligens,138,0,0,0,905,636,0,250,422,307,349,11,46,41,30,30,270,0,525
d__Bacteria;p__Bacillota_A_368345;c__Clostridia_258483;o__Lachnospirales;f__Lachnospiraceae;g__Lachnospira;s__,0,0,0,0,383,50,119,31,36,0,0,0,34,0,0,0,0,0,0
d__Bacteria;p__Bacillota_A_368345;c__Clostridia_258483;o__Lachnospirales;f__Lachnospiraceae;g__Anaerobutyricum;__,144,764,2203,470,484,553,0,1210,769,441,2427,243,217,279,309,301,443,0,637
d__Bacteria;p__Bacillota_A_368345;c__Clostridia_258483;o__Lachnospirales;f__Lachnospiraceae;g__Anaerobutyricum;s__Anaerobutyricum hallii,0,0,0,0,0,0,0,123,0,0,202,0,0,0,0,0,0,0,0
d__Bacteria;p__Bacillota_A_368345;c__Clostridia_258483;o__Lachnospirales;f__Lachnospiraceae;g__Eubacterium_G_180878;s__Eubacterium_G_180878 ventriosum,69,0,0,79,52,24,96,8,57,145,121,29,70,0,35,64,0,0,0
d__Bacteria;p__Bacillota_A_368345;c__Clostridia_258483;o__Lachnospirales;f__Lachnospiraceae;g__Eubacterium_G_180878;s__Eubacterium_G_180878 sp000434315,0,0,13,0,19,107,360,0,0,0,0,0,0,0,0,0,0,0,0
d__Bacteria;p__Bacillota_A_368345;c__Clostridia_258483;o__Lachnospirales;f__Lachnospiraceae;g__Eubacterium_G_180878;__,0,0,0,0,57,346,0,0,0,0,0,0,0,90,0,0,0,0,0
d__Bacteria;p__Bacillota_A_368345;c__Clostridia_258483;o__Lachnospirales;f__Lachnospiraceae;g__Howardella;__,30,0,0,0,64,45,53,0,0,0,0,0,0,0,0,0,0,0,0
d__Bacteria;p__Bacillota_A_368345;c__Clostridia_258483;o__Lachnospirales;f__Lachnospiraceae;g__Mediterraneibacter_A_155507;s__Mediterraneibacter_A_155507 faecis,130,1715,3933,301,381,830,140,484,1441,581,3302,615,289,498,148,534,0,0,1328
d__Bacteria;p__Bacillota_A_368345;c__Clostridia_258483;o__Lachnospirales;f__Lachnospiraceae;g__Roseburia_A_166204;s__Roseburia_A_166204 inulinivorans,0,0,26,0,84,589,45,0,250,281,0,20,61,76,99,0,164,0,23
d__Bacteria;p__Bacillota_A_368345;c__Clostridia_258483;o__Lachnospirales;f__Lachnospiraceae;g__Roseburia_A_166204;__,41,370,318,0,191,964,101,85,61,294,0,0,80,56,43,17,41,0,0
d__Bacteria;p__Bacillota_A_368345;c__Clostridia_258483;o__Lachnospirales;f__Lachnospiraceae;g__Butyribacter;s__Butyribacter intestini,0,0,0,0,163,659,0,33,0,429,0,0,0,0,0,0,0,0,0
d__Bacteria;p__Bacillota_A_368345;c__Clostridia_258483;o__Lachnospirales;f__Lachnospiraceae;g__Agathobacter_164117;__,348,1271,0,293,452,969,0,61,2660,1375,951,1161,1242,1733,378,2338,0,1816,1253
d__Bacteria;p__Bacillota_A_368345;c__Clostridia_258483;o__Lachnospirales;f__Lachnospiraceae;g__Schaedlerella;s__Schaedlerella glycyrrhizinilytica_A,0,35,12,0,0,0,0,0,0,0,0,0,0,0,0,10,0,0,29
d__Bacteria;p__Bacillota_A_368345;c__Clostridia_258483;o__Lachnospirales;f__Lachnospiraceae;g__Mediterraneibacter_A_155507;s__Mediterraneibacter_A_155507 massiliensis,0,15,0,15,0,0,0,0,0,0,0,0,0,0,0,0,0,0,0
d__Bacteria;p__Bacillota_A_368345;c__Clostridia_258483;o__Lachnospirales;f__Lachnospiraceae;g__Mediterraneibacter_A_155507;__,0,141,0,0,0,0,44,0,0,0,25,0,0,0,0,0,19,0,0
d__Bacteria;p__Bacillota_A_368345;c__Clostridia_258483;o__Lachnospirales;f__Lachnospiraceae;g__Sellimonas;s__Sellimonas intestinalis,0,7,380,0,0,0,0,0,0,0,0,0,0,0,0,0,213,496,141
d__Bacteria;p__Bacillota_A_368345;c__Clostridia_258483;o__Lachnospirales;f__Lachnospiraceae;g__Mediterraneibacter_A_155507;s__Mediterraneibacter_A_155507 torques,0,0,599,0,55,18,444,0,42,130,0,51,0,0,10,0,174,0,206
d__Bacteria;p__Bacillota_A_368345;c__Clostridia_258483;o__Lachnospirales;f__Lachnospiraceae;g__Faecalimonas;__,0,0,28,0,0,0,0,0,0,0,0,20,69,37,0,0,196,306,22
d__Bacteria;p__Bacillota_A_368345;c__Clostridia_258483;o__Lachnospirales;f__Lachnospiraceae;g__Coprococcus_A_121497;s__Coprococcus_A_121497 eutactus,217,0,0,0,0,0,60,0,0,0,0,108,76,0,149,0,0,0,0
d__Bacteria;p__Bacillota_A_368345;c__Clostridia_258483;o__Lachnospirales;f__Lachnospiraceae;g__Coprococcus_A_121497;s__Coprococcus_A_121497 sp000154245,0,0,0,0,3168,952,1226,312,1254,0,0,0,0,0,0,0,0,0,0
d__Bacteria;p__Patescibacteria;c__Paceibacteria;o__Paceibacterales;f__Staskawiczbacteraceae;g__GWA2-37-10;s__,0,0,0,0,24,248,20,360,279,32,0,0,0,0,0,0,0,0,0
